"Profile Name","Email Address","Game Handle","Profile Creation Time","Maturity Level","Primary Lang","Has Auto Playback","Max Stream Quality","Profile Lock Enabled","Profile Transferred","Profile Transfer Time","Profile Transferred From Account","Profile Transferred To Account","Date Of Birth","Gender","Opt-Out"
"Adilan","","","2020-09-01 23:54:18","ADULTS","pt-BR","1","Unknown","false","false","","","","","","{}"
"Ju","","","2018-12-08 23:54:30","ADULTS","pt-BR","1","Unknown","false","false","","","","","","{}"
"Ale ","","","2018-10-28 01:55:26","ADULTS","pt-BR","1","Unknown","false","false","","","","","","{}"
"Casa","","","2018-01-17 18:46:03","ADULTS","pt-BR","1","Unknown","false","false","","","","","","{}"
"Alan ","alanleonardopiovesan@gmail.com","","2017-01-20 20:25:32","ADULTS","pt-BR","1","Unknown","false","false","","","","","","{}"
